<?xml version="1.0" encoding="UTF-8"?>


<beans xmlns="http://www.springframework.org/schema/beans"
 xmlns:xsi="http://www.w3.org/2001/XMLSchema-instance" xmlns:context="http://www.springframework.org/schema/context"
 xmlns:dwr="http://www.directwebremoting.org/schema/spring-dwr"
 xmlns:mongo="http://www.springframework.org/schema/data/mongo"
 xsi:schemaLocation="http://www.springframework.org/schema/beans
    http://www.springframework.org/schema/beans/spring-beans-3.0.xsd
    http://www.springframework.org/schema/context
    http://www.springframework.org/schema/context/spring-context-3.0.xsd
    http://www.springframework.org/schema/data/mongo
    http://www.springframework.org/schema/data/mongo/spring-mongo-1.0.xsd
    http://www.directwebremoting.org/schema/spring-dwr
    http://www.directwebremoting.org/schema/spring-dwr-3.0.xsd">

 <context:annotation-config />
 <context:component-scan base-package="com.accolite.au"></context:component-scan>
 <bean id="datasource" class="org.springframework.jdbc.datasource.DriverManagerDataSource">
   <property name="driverClassName" value="com.microsoft.sqlserver.jdbc.SQLServerDriver"></property>
   <property name="url" value="jdbc:sqlserver://localhost:1433;DataBaseName={VideoPortal};"></property>
   <property name="username" value="sa"></property>
   <property name="password" value="accolite"></property>
  </bean>
 
 <bean id="jdbcTemplate" class="org.springframework.jdbc.core.JdbcTemplate">
  <property name="dataSource" ref="datasource"/>
 </bean>
 </beans>